{
  "images" : [
    {
      "idiom" : "universal",
      "filename" : "Cash-Money-Bucks-Vector-Pack-Free-PNG-Graphic-Cave.png",
      "scale" : "1x"
    },
    {
      "idiom" : "universal",
      "filename" : "Cash-Money-Bucks-Vector-Pack-Free-PNG-Graphic-Cave-1.png",
      "scale" : "2x"
    },
    {
      "idiom" : "universal",
      "filename" : "Cash-Money-Bucks-Vector-Pack-Free-PNG-Graphic-Cave-2.png",
      "scale" : "3x"
    }
  ],
  "info" : {
    "version" : 1,
    "author" : "xcode"
  }
}